min_gain,actual_positives,quality_threshold,table_policy,fast_rate,tp,fp,fn,tn,precision,recall,f1,f2,positive_rate
0.0,104,40.0,all_tables,0.461538,60,59,44,58,0.504202,0.576923,0.538117,0.560748,0.538462
0.0,104,42.0,all_tables,0.461538,60,59,44,58,0.504202,0.576923,0.538117,0.560748,0.538462
0.0,104,44.0,all_tables,0.457014,61,59,43,58,0.508333,0.586538,0.544643,0.56903,0.542986
0.0,104,46.0,all_tables,0.457014,61,59,43,58,0.508333,0.586538,0.544643,0.56903,0.542986
0.0,104,48.0,all_tables,0.457014,61,59,43,58,0.508333,0.586538,0.544643,0.56903,0.542986
0.0,104,50.0,all_tables,0.452489,61,60,43,57,0.504132,0.586538,0.542222,0.56797,0.547511
0.0,104,52.0,all_tables,0.447964,61,61,43,56,0.5,0.586538,0.539823,0.566914,0.552036
0.0,104,54.0,all_tables,0.438914,61,63,43,54,0.491935,0.586538,0.535088,0.564815,0.561086
0.0,104,56.0,all_tables,0.438914,61,63,43,54,0.491935,0.586538,0.535088,0.564815,0.561086
0.0,104,58.0,all_tables,0.438914,61,63,43,54,0.491935,0.586538,0.535088,0.564815,0.561086
0.0,104,60.0,all_tables,0.438914,61,63,43,54,0.491935,0.586538,0.535088,0.564815,0.561086
0.0,104,62.0,all_tables,0.438914,61,63,43,54,0.491935,0.586538,0.535088,0.564815,0.561086
0.0,104,64.0,all_tables,0.429864,62,64,42,53,0.492063,0.596154,0.53913,0.571956,0.570136
0.0,104,66.0,all_tables,0.411765,63,67,41,50,0.484615,0.605769,0.538462,0.576923,0.588235
0.0,104,68.0,all_tables,0.411765,63,67,41,50,0.484615,0.605769,0.538462,0.576923,0.588235
0.0,104,70.0,all_tables,0.411765,63,67,41,50,0.484615,0.605769,0.538462,0.576923,0.588235
0.0,104,72.0,all_tables,0.411765,63,67,41,50,0.484615,0.605769,0.538462,0.576923,0.588235
0.0,104,74.0,all_tables,0.39819,64,69,40,48,0.481203,0.615385,0.540084,0.582878,0.60181
0.0,104,76.0,all_tables,0.393665,64,70,40,47,0.477612,0.615385,0.537815,0.581818,0.606335
0.0,104,78.0,all_tables,0.38009,65,72,39,45,0.474453,0.625,0.539419,0.587703,0.61991
0.0,104,80.0,all_tables,0.38009,65,72,39,45,0.474453,0.625,0.539419,0.587703,0.61991
0.0,104,82.0,all_tables,0.371041,65,74,39,43,0.467626,0.625,0.534979,0.585586,0.628959
0.0,104,84.0,all_tables,0.366516,66,74,38,43,0.471429,0.634615,0.540984,0.593525,0.633484
0.0,104,86.0,all_tables,0.352941,68,75,36,42,0.475524,0.653846,0.550607,0.608229,0.647059
0.0,104,88.0,all_tables,0.330317,68,80,36,37,0.459459,0.653846,0.539683,0.602837,0.669683
0.0,104,90.0,all_tables,0.307692,71,82,33,35,0.464052,0.682692,0.552529,0.623902,0.692308
0.0,104,92.0,all_tables,0.294118,71,85,33,32,0.455128,0.682692,0.546154,0.620629,0.705882
0.0,104,94.0,all_tables,0.294118,71,85,33,32,0.455128,0.682692,0.546154,0.620629,0.705882
0.0,104,40.0,high_tables,0.647059,31,47,73,70,0.397436,0.298077,0.340659,0.313765,0.352941
0.0,104,42.0,high_tables,0.647059,31,47,73,70,0.397436,0.298077,0.340659,0.313765,0.352941
0.0,104,44.0,high_tables,0.642534,32,47,72,70,0.405063,0.307692,0.349727,0.323232,0.357466
0.0,104,46.0,high_tables,0.642534,32,47,72,70,0.405063,0.307692,0.349727,0.323232,0.357466
0.0,104,48.0,high_tables,0.642534,32,47,72,70,0.405063,0.307692,0.349727,0.323232,0.357466
0.0,104,50.0,high_tables,0.638009,32,48,72,69,0.4,0.307692,0.347826,0.322581,0.361991
0.0,104,52.0,high_tables,0.633484,32,49,72,68,0.395062,0.307692,0.345946,0.321932,0.366516
0.0,104,54.0,high_tables,0.624434,32,51,72,66,0.385542,0.307692,0.342246,0.320641,0.375566
0.0,104,56.0,high_tables,0.624434,32,51,72,66,0.385542,0.307692,0.342246,0.320641,0.375566
0.0,104,58.0,high_tables,0.615385,34,51,70,66,0.4,0.326923,0.359788,0.339321,0.384615
0.0,104,60.0,high_tables,0.615385,34,51,70,66,0.4,0.326923,0.359788,0.339321,0.384615
0.0,104,62.0,high_tables,0.61086,35,51,69,66,0.406977,0.336538,0.368421,0.348606,0.38914
0.0,104,64.0,high_tables,0.597285,37,52,67,65,0.41573,0.355769,0.38342,0.366337,0.402715
0.0,104,66.0,high_tables,0.565611,40,56,64,61,0.416667,0.384615,0.4,0.390625,0.434389
0.0,104,68.0,high_tables,0.565611,40,56,64,61,0.416667,0.384615,0.4,0.390625,0.434389
0.0,104,70.0,high_tables,0.565611,40,56,64,61,0.416667,0.384615,0.4,0.390625,0.434389
0.0,104,72.0,high_tables,0.565611,40,56,64,61,0.416667,0.384615,0.4,0.390625,0.434389
0.0,104,74.0,high_tables,0.552036,41,58,63,59,0.414141,0.394231,0.403941,0.398058,0.447964
0.0,104,76.0,high_tables,0.547511,41,59,63,58,0.41,0.394231,0.401961,0.397287,0.452489
0.0,104,78.0,high_tables,0.533937,42,61,62,56,0.407767,0.403846,0.405797,0.404624,0.466063
0.0,104,80.0,high_tables,0.529412,43,61,61,56,0.413462,0.413462,0.413462,0.413462,0.470588
0.0,104,82.0,high_tables,0.520362,43,63,61,54,0.40566,0.413462,0.409524,0.411877,0.479638
0.0,104,84.0,high_tables,0.511312,45,63,59,54,0.416667,0.432692,0.424528,0.429389,0.488688
0.0,104,86.0,high_tables,0.479638,51,64,53,53,0.443478,0.490385,0.465753,0.480226,0.520362
0.0,104,88.0,high_tables,0.452489,51,70,53,47,0.421488,0.490385,0.453333,0.47486,0.547511
0.0,104,90.0,high_tables,0.411765,56,74,48,43,0.430769,0.538462,0.478632,0.512821,0.588235
0.0,104,92.0,high_tables,0.38914,58,77,46,40,0.42963,0.557692,0.485356,0.526316,0.61086
0.0,104,94.0,high_tables,0.375566,59,79,45,38,0.427536,0.567308,0.487603,0.532491,0.624434
0.0,104,40.0,no_tables,0.977376,2,3,102,114,0.4,0.019231,0.036697,0.023753,0.022624
0.0,104,42.0,no_tables,0.977376,2,3,102,114,0.4,0.019231,0.036697,0.023753,0.022624
0.0,104,44.0,no_tables,0.972851,3,3,101,114,0.5,0.028846,0.054545,0.035545,0.027149
0.0,104,46.0,no_tables,0.972851,3,3,101,114,0.5,0.028846,0.054545,0.035545,0.027149
0.0,104,48.0,no_tables,0.972851,3,3,101,114,0.5,0.028846,0.054545,0.035545,0.027149
0.0,104,50.0,no_tables,0.968326,3,4,101,113,0.428571,0.028846,0.054054,0.035461,0.031674
0.0,104,52.0,no_tables,0.963801,3,5,101,112,0.375,0.028846,0.053571,0.035377,0.036199
0.0,104,54.0,no_tables,0.954751,3,7,101,110,0.3,0.028846,0.052632,0.035211,0.045249
0.0,104,56.0,no_tables,0.954751,3,7,101,110,0.3,0.028846,0.052632,0.035211,0.045249
0.0,104,58.0,no_tables,0.945701,5,7,99,110,0.416667,0.048077,0.086207,0.058411,0.054299
0.0,104,60.0,no_tables,0.945701,5,7,99,110,0.416667,0.048077,0.086207,0.058411,0.054299
0.0,104,62.0,no_tables,0.941176,6,7,98,110,0.461538,0.057692,0.102564,0.06993,0.058824
0.0,104,64.0,no_tables,0.927602,8,8,96,109,0.5,0.076923,0.133333,0.092593,0.072398
0.0,104,66.0,no_tables,0.895928,11,12,93,105,0.478261,0.105769,0.173228,0.125285,0.104072
0.0,104,68.0,no_tables,0.895928,11,12,93,105,0.478261,0.105769,0.173228,0.125285,0.104072
0.0,104,70.0,no_tables,0.891403,12,12,92,105,0.5,0.115385,0.1875,0.136364,0.108597
0.0,104,72.0,no_tables,0.891403,12,12,92,105,0.5,0.115385,0.1875,0.136364,0.108597
0.0,104,74.0,no_tables,0.868778,13,16,91,101,0.448276,0.125,0.195489,0.146067,0.131222
0.0,104,76.0,no_tables,0.859729,13,18,91,99,0.419355,0.125,0.192593,0.145414,0.140271
0.0,104,78.0,no_tables,0.837104,14,22,90,95,0.388889,0.134615,0.2,0.154867,0.162896
0.0,104,80.0,no_tables,0.828054,15,23,89,94,0.394737,0.144231,0.211268,0.165198,0.171946
0.0,104,82.0,no_tables,0.819005,15,25,89,92,0.375,0.144231,0.208333,0.164474,0.180995
0.0,104,84.0,no_tables,0.79638,19,26,85,91,0.422222,0.182692,0.255034,0.206074,0.20362
0.0,104,86.0,no_tables,0.733032,29,30,75,87,0.491525,0.278846,0.355828,0.305263,0.266968
0.0,104,88.0,no_tables,0.696833,30,37,74,80,0.447761,0.288462,0.350877,0.310559,0.303167
0.0,104,90.0,no_tables,0.642534,35,44,69,73,0.443038,0.336538,0.382514,0.353535,0.357466
0.0,104,92.0,no_tables,0.60181,38,50,66,67,0.431818,0.365385,0.395833,0.376984,0.39819
0.0,104,94.0,no_tables,0.570136,42,53,62,64,0.442105,0.403846,0.422111,0.410959,0.429864
0.01,85,40.0,all_tables,0.461538,57,62,28,74,0.478992,0.670588,0.558824,0.620915,0.538462
0.01,85,42.0,all_tables,0.461538,57,62,28,74,0.478992,0.670588,0.558824,0.620915,0.538462
0.01,85,44.0,all_tables,0.457014,57,63,28,73,0.475,0.670588,0.556098,0.619565,0.542986
0.01,85,46.0,all_tables,0.457014,57,63,28,73,0.475,0.670588,0.556098,0.619565,0.542986
0.01,85,48.0,all_tables,0.457014,57,63,28,73,0.475,0.670588,0.556098,0.619565,0.542986
0.01,85,50.0,all_tables,0.452489,57,64,28,72,0.471074,0.670588,0.553398,0.618221,0.547511
0.01,85,52.0,all_tables,0.447964,57,65,28,71,0.467213,0.670588,0.550725,0.616883,0.552036
0.01,85,54.0,all_tables,0.438914,57,67,28,69,0.459677,0.670588,0.545455,0.614224,0.561086
0.01,85,56.0,all_tables,0.438914,57,67,28,69,0.459677,0.670588,0.545455,0.614224,0.561086
0.01,85,58.0,all_tables,0.438914,57,67,28,69,0.459677,0.670588,0.545455,0.614224,0.561086
0.01,85,60.0,all_tables,0.438914,57,67,28,69,0.459677,0.670588,0.545455,0.614224,0.561086
0.01,85,62.0,all_tables,0.438914,57,67,28,69,0.459677,0.670588,0.545455,0.614224,0.561086
0.01,85,64.0,all_tables,0.429864,58,68,27,68,0.460317,0.682353,0.549763,0.622318,0.570136
0.01,85,66.0,all_tables,0.411765,59,71,26,65,0.453846,0.694118,0.548837,0.62766,0.588235
0.01,85,68.0,all_tables,0.411765,59,71,26,65,0.453846,0.694118,0.548837,0.62766,0.588235
0.01,85,70.0,all_tables,0.411765,59,71,26,65,0.453846,0.694118,0.548837,0.62766,0.588235
0.01,85,72.0,all_tables,0.411765,59,71,26,65,0.453846,0.694118,0.548837,0.62766,0.588235
0.01,85,74.0,all_tables,0.39819,59,74,26,62,0.443609,0.694118,0.541284,0.623679,0.60181
0.01,85,76.0,all_tables,0.393665,59,75,26,61,0.440299,0.694118,0.538813,0.622363,0.606335
0.01,85,78.0,all_tables,0.38009,60,77,25,59,0.437956,0.705882,0.540541,0.628931,0.61991
0.01,85,80.0,all_tables,0.38009,60,77,25,59,0.437956,0.705882,0.540541,0.628931,0.61991
0.01,85,82.0,all_tables,0.371041,60,79,25,57,0.431655,0.705882,0.535714,0.626305,0.628959
0.01,85,84.0,all_tables,0.366516,61,79,24,57,0.435714,0.717647,0.542222,0.635417,0.633484
0.01,85,86.0,all_tables,0.352941,61,82,24,54,0.426573,0.717647,0.535088,0.63147,0.647059
0.01,85,88.0,all_tables,0.330317,61,87,24,49,0.412162,0.717647,0.523605,0.625,0.669683
0.01,85,90.0,all_tables,0.307692,64,89,21,47,0.418301,0.752941,0.537815,0.649087,0.692308
0.01,85,92.0,all_tables,0.294118,64,92,21,44,0.410256,0.752941,0.53112,0.645161,0.705882
0.01,85,94.0,all_tables,0.294118,64,92,21,44,0.410256,0.752941,0.53112,0.645161,0.705882
0.01,85,40.0,high_tables,0.647059,30,48,55,88,0.384615,0.352941,0.368098,0.358852,0.352941
0.01,85,42.0,high_tables,0.647059,30,48,55,88,0.384615,0.352941,0.368098,0.358852,0.352941
0.01,85,44.0,high_tables,0.642534,30,49,55,87,0.379747,0.352941,0.365854,0.357995,0.357466
0.01,85,46.0,high_tables,0.642534,30,49,55,87,0.379747,0.352941,0.365854,0.357995,0.357466
0.01,85,48.0,high_tables,0.642534,30,49,55,87,0.379747,0.352941,0.365854,0.357995,0.357466
0.01,85,50.0,high_tables,0.638009,30,50,55,86,0.375,0.352941,0.363636,0.357143,0.361991
0.01,85,52.0,high_tables,0.633484,30,51,55,85,0.37037,0.352941,0.361446,0.356295,0.366516
0.01,85,54.0,high_tables,0.624434,30,53,55,83,0.361446,0.352941,0.357143,0.35461,0.375566
0.01,85,56.0,high_tables,0.624434,30,53,55,83,0.361446,0.352941,0.357143,0.35461,0.375566
0.01,85,58.0,high_tables,0.615385,32,53,53,83,0.376471,0.376471,0.376471,0.376471,0.384615
0.01,85,60.0,high_tables,0.615385,32,53,53,83,0.376471,0.376471,0.376471,0.376471,0.384615
0.01,85,62.0,high_tables,0.61086,33,53,52,83,0.383721,0.388235,0.385965,0.387324,0.38914
0.01,85,64.0,high_tables,0.597285,35,54,50,82,0.393258,0.411765,0.402299,0.407925,0.402715
0.01,85,66.0,high_tables,0.565611,38,58,47,78,0.395833,0.447059,0.41989,0.43578,0.434389
0.01,85,68.0,high_tables,0.565611,38,58,47,78,0.395833,0.447059,0.41989,0.43578,0.434389
0.01,85,70.0,high_tables,0.565611,38,58,47,78,0.395833,0.447059,0.41989,0.43578,0.434389
0.01,85,72.0,high_tables,0.565611,38,58,47,78,0.395833,0.447059,0.41989,0.43578,0.434389
0.01,85,74.0,high_tables,0.552036,38,61,47,75,0.383838,0.447059,0.413043,0.432802,0.447964
0.01,85,76.0,high_tables,0.547511,38,62,47,74,0.38,0.447059,0.410811,0.431818,0.452489
0.01,85,78.0,high_tables,0.533937,39,64,46,72,0.378641,0.458824,0.414894,0.440181,0.466063
0.01,85,80.0,high_tables,0.529412,40,64,45,72,0.384615,0.470588,0.42328,0.45045,0.470588
0.01,85,82.0,high_tables,0.520362,40,66,45,70,0.377358,0.470588,0.418848,0.44843,0.479638
0.01,85,84.0,high_tables,0.511312,42,66,43,70,0.388889,0.494118,0.435233,0.46875,0.488688
0.01,85,86.0,high_tables,0.479638,46,69,39,67,0.4,0.541176,0.46,0.505495,0.520362
0.01,85,88.0,high_tables,0.452489,46,75,39,61,0.380165,0.541176,0.446602,0.498915,0.547511
0.01,85,90.0,high_tables,0.411765,49,81,36,55,0.376923,0.576471,0.455814,0.521277,0.588235
0.01,85,92.0,high_tables,0.38914,51,84,34,52,0.377778,0.6,0.463636,0.536842,0.61086
0.01,85,94.0,high_tables,0.375566,52,86,33,50,0.376812,0.611765,0.466368,0.543933,0.624434
0.01,85,40.0,no_tables,0.977376,2,3,83,133,0.4,0.023529,0.044444,0.028986,0.022624
0.01,85,42.0,no_tables,0.977376,2,3,83,133,0.4,0.023529,0.044444,0.028986,0.022624
0.01,85,44.0,no_tables,0.972851,2,4,83,132,0.333333,0.023529,0.043956,0.028902,0.027149
0.01,85,46.0,no_tables,0.972851,2,4,83,132,0.333333,0.023529,0.043956,0.028902,0.027149
0.01,85,48.0,no_tables,0.972851,2,4,83,132,0.333333,0.023529,0.043956,0.028902,0.027149
0.01,85,50.0,no_tables,0.968326,2,5,83,131,0.285714,0.023529,0.043478,0.028818,0.031674
0.01,85,52.0,no_tables,0.963801,2,6,83,130,0.25,0.023529,0.043011,0.028736,0.036199
0.01,85,54.0,no_tables,0.954751,2,8,83,128,0.2,0.023529,0.042105,0.028571,0.045249
0.01,85,56.0,no_tables,0.954751,2,8,83,128,0.2,0.023529,0.042105,0.028571,0.045249
0.01,85,58.0,no_tables,0.945701,4,8,81,128,0.333333,0.047059,0.082474,0.056818,0.054299
0.01,85,60.0,no_tables,0.945701,4,8,81,128,0.333333,0.047059,0.082474,0.056818,0.054299
0.01,85,62.0,no_tables,0.941176,5,8,80,128,0.384615,0.058824,0.102041,0.070822,0.058824
0.01,85,64.0,no_tables,0.927602,7,9,78,127,0.4375,0.082353,0.138614,0.098315,0.072398
0.01,85,66.0,no_tables,0.895928,10,13,75,123,0.434783,0.117647,0.185185,0.137741,0.104072
0.01,85,68.0,no_tables,0.895928,10,13,75,123,0.434783,0.117647,0.185185,0.137741,0.104072
0.01,85,70.0,no_tables,0.891403,11,13,74,123,0.458333,0.129412,0.201835,0.151099,0.108597
0.01,85,72.0,no_tables,0.891403,11,13,74,123,0.458333,0.129412,0.201835,0.151099,0.108597
0.01,85,74.0,no_tables,0.868778,11,18,74,118,0.37931,0.129412,0.192982,0.149051,0.131222
0.01,85,76.0,no_tables,0.859729,11,20,74,116,0.354839,0.129412,0.189655,0.148248,0.140271
0.01,85,78.0,no_tables,0.837104,12,24,73,112,0.333333,0.141176,0.198347,0.159574,0.162896
0.01,85,80.0,no_tables,0.828054,13,25,72,111,0.342105,0.152941,0.211382,0.171958,0.171946
0.01,85,82.0,no_tables,0.819005,13,27,72,109,0.325,0.152941,0.208,0.171053,0.180995
0.01,85,84.0,no_tables,0.79638,17,28,68,108,0.377778,0.2,0.261538,0.220779,0.20362
0.01,85,86.0,no_tables,0.733032,25,34,60,102,0.423729,0.294118,0.347222,0.313283,0.266968
0.01,85,88.0,no_tables,0.696833,26,41,59,95,0.38806,0.305882,0.342105,0.31941,0.303167
0.01,85,90.0,no_tables,0.642534,29,50,56,86,0.367089,0.341176,0.353659,0.346062,0.357466
0.01,85,92.0,no_tables,0.60181,32,56,53,80,0.363636,0.376471,0.369942,0.373832,0.39819
0.01,85,94.0,no_tables,0.570136,36,59,49,77,0.378947,0.423529,0.4,0.413793,0.429864
0.02,74,40.0,all_tables,0.461538,54,65,20,82,0.453782,0.72973,0.559585,0.650602,0.538462
0.02,74,42.0,all_tables,0.461538,54,65,20,82,0.453782,0.72973,0.559585,0.650602,0.538462
0.02,74,44.0,all_tables,0.457014,54,66,20,81,0.45,0.72973,0.556701,0.649038,0.542986
0.02,74,46.0,all_tables,0.457014,54,66,20,81,0.45,0.72973,0.556701,0.649038,0.542986
0.02,74,48.0,all_tables,0.457014,54,66,20,81,0.45,0.72973,0.556701,0.649038,0.542986
0.02,74,50.0,all_tables,0.452489,54,67,20,80,0.446281,0.72973,0.553846,0.647482,0.547511
0.02,74,52.0,all_tables,0.447964,54,68,20,79,0.442623,0.72973,0.55102,0.645933,0.552036
0.02,74,54.0,all_tables,0.438914,54,70,20,77,0.435484,0.72973,0.545455,0.642857,0.561086
0.02,74,56.0,all_tables,0.438914,54,70,20,77,0.435484,0.72973,0.545455,0.642857,0.561086
0.02,74,58.0,all_tables,0.438914,54,70,20,77,0.435484,0.72973,0.545455,0.642857,0.561086
0.02,74,60.0,all_tables,0.438914,54,70,20,77,0.435484,0.72973,0.545455,0.642857,0.561086
0.02,74,62.0,all_tables,0.438914,54,70,20,77,0.435484,0.72973,0.545455,0.642857,0.561086
0.02,74,64.0,all_tables,0.429864,54,72,20,75,0.428571,0.72973,0.54,0.63981,0.570136
0.02,74,66.0,all_tables,0.411765,55,75,19,72,0.423077,0.743243,0.539216,0.64554,0.588235
0.02,74,68.0,all_tables,0.411765,55,75,19,72,0.423077,0.743243,0.539216,0.64554,0.588235
0.02,74,70.0,all_tables,0.411765,55,75,19,72,0.423077,0.743243,0.539216,0.64554,0.588235
0.02,74,72.0,all_tables,0.411765,55,75,19,72,0.423077,0.743243,0.539216,0.64554,0.588235
0.02,74,74.0,all_tables,0.39819,55,78,19,69,0.413534,0.743243,0.531401,0.641026,0.60181
0.02,74,76.0,all_tables,0.393665,55,79,19,68,0.410448,0.743243,0.528846,0.639535,0.606335
0.02,74,78.0,all_tables,0.38009,56,81,18,66,0.408759,0.756757,0.530806,0.646651,0.61991
0.02,74,80.0,all_tables,0.38009,56,81,18,66,0.408759,0.756757,0.530806,0.646651,0.61991
0.02,74,82.0,all_tables,0.371041,56,83,18,64,0.402878,0.756757,0.525822,0.643678,0.628959
0.02,74,84.0,all_tables,0.366516,56,84,18,63,0.4,0.756757,0.523364,0.642202,0.633484
0.02,74,86.0,all_tables,0.352941,56,87,18,60,0.391608,0.756757,0.516129,0.637813,0.647059
0.02,74,88.0,all_tables,0.330317,56,92,18,55,0.378378,0.756757,0.504505,0.630631,0.669683
0.02,74,90.0,all_tables,0.307692,58,95,16,52,0.379085,0.783784,0.511013,0.64588,0.692308
0.02,74,92.0,all_tables,0.294118,58,98,16,49,0.371795,0.783784,0.504348,0.641593,0.705882
0.02,74,94.0,all_tables,0.294118,58,98,16,49,0.371795,0.783784,0.504348,0.641593,0.705882
0.02,74,40.0,high_tables,0.647059,29,49,45,98,0.371795,0.391892,0.381579,0.387701,0.352941
0.02,74,42.0,high_tables,0.647059,29,49,45,98,0.371795,0.391892,0.381579,0.387701,0.352941
0.02,74,44.0,high_tables,0.642534,29,50,45,97,0.367089,0.391892,0.379085,0.386667,0.357466
0.02,74,46.0,high_tables,0.642534,29,50,45,97,0.367089,0.391892,0.379085,0.386667,0.357466
0.02,74,48.0,high_tables,0.642534,29,50,45,97,0.367089,0.391892,0.379085,0.386667,0.357466
0.02,74,50.0,high_tables,0.638009,29,51,45,96,0.3625,0.391892,0.376623,0.385638,0.361991
0.02,74,52.0,high_tables,0.633484,29,52,45,95,0.358025,0.391892,0.374194,0.384615,0.366516
0.02,74,54.0,high_tables,0.624434,29,54,45,93,0.349398,0.391892,0.369427,0.382586,0.375566
0.02,74,56.0,high_tables,0.624434,29,54,45,93,0.349398,0.391892,0.369427,0.382586,0.375566
0.02,74,58.0,high_tables,0.615385,31,54,43,93,0.364706,0.418919,0.389937,0.406824,0.384615
0.02,74,60.0,high_tables,0.615385,31,54,43,93,0.364706,0.418919,0.389937,0.406824,0.384615
0.02,74,62.0,high_tables,0.61086,32,54,42,93,0.372093,0.432432,0.4,0.418848,0.38914
0.02,74,64.0,high_tables,0.597285,33,56,41,91,0.370787,0.445946,0.404908,0.428571,0.402715
0.02,74,66.0,high_tables,0.565611,36,60,38,87,0.375,0.486486,0.423529,0.459184,0.434389
0.02,74,68.0,high_tables,0.565611,36,60,38,87,0.375,0.486486,0.423529,0.459184,0.434389
0.02,74,70.0,high_tables,0.565611,36,60,38,87,0.375,0.486486,0.423529,0.459184,0.434389
0.02,74,72.0,high_tables,0.565611,36,60,38,87,0.375,0.486486,0.423529,0.459184,0.434389
0.02,74,74.0,high_tables,0.552036,36,63,38,84,0.363636,0.486486,0.416185,0.455696,0.447964
0.02,74,76.0,high_tables,0.547511,36,64,38,83,0.36,0.486486,0.413793,0.454545,0.452489
0.02,74,78.0,high_tables,0.533937,37,66,37,81,0.359223,0.5,0.418079,0.463659,0.466063
0.02,74,80.0,high_tables,0.529412,38,66,36,81,0.365385,0.513514,0.426966,0.475,0.470588
0.02,74,82.0,high_tables,0.520362,38,68,36,79,0.358491,0.513514,0.422222,0.472637,0.479638
0.02,74,84.0,high_tables,0.511312,39,69,35,78,0.361111,0.527027,0.428571,0.482673,0.488688
0.02,74,86.0,high_tables,0.479638,41,74,33,73,0.356522,0.554054,0.433862,0.498783,0.520362
0.02,74,88.0,high_tables,0.452489,41,80,33,67,0.338843,0.554054,0.420513,0.491607,0.547511
0.02,74,90.0,high_tables,0.411765,43,87,31,60,0.330769,0.581081,0.421569,0.504695,0.588235
0.02,74,92.0,high_tables,0.38914,45,90,29,57,0.333333,0.608108,0.430622,0.522042,0.61086
0.02,74,94.0,high_tables,0.375566,46,92,28,55,0.333333,0.621622,0.433962,0.529954,0.624434
0.02,74,40.0,no_tables,0.977376,2,3,72,144,0.4,0.027027,0.050633,0.033223,0.022624
0.02,74,42.0,no_tables,0.977376,2,3,72,144,0.4,0.027027,0.050633,0.033223,0.022624
0.02,74,44.0,no_tables,0.972851,2,4,72,143,0.333333,0.027027,0.05,0.033113,0.027149
0.02,74,46.0,no_tables,0.972851,2,4,72,143,0.333333,0.027027,0.05,0.033113,0.027149
0.02,74,48.0,no_tables,0.972851,2,4,72,143,0.333333,0.027027,0.05,0.033113,0.027149
0.02,74,50.0,no_tables,0.968326,2,5,72,142,0.285714,0.027027,0.049383,0.033003,0.031674
0.02,74,52.0,no_tables,0.963801,2,6,72,141,0.25,0.027027,0.04878,0.032895,0.036199
0.02,74,54.0,no_tables,0.954751,2,8,72,139,0.2,0.027027,0.047619,0.03268,0.045249
0.02,74,56.0,no_tables,0.954751,2,8,72,139,0.2,0.027027,0.047619,0.03268,0.045249
0.02,74,58.0,no_tables,0.945701,4,8,70,139,0.333333,0.054054,0.093023,0.064935,0.054299
0.02,74,60.0,no_tables,0.945701,4,8,70,139,0.333333,0.054054,0.093023,0.064935,0.054299
0.02,74,62.0,no_tables,0.941176,5,8,69,139,0.384615,0.067568,0.114943,0.080906,0.058824
0.02,74,64.0,no_tables,0.927602,6,10,68,137,0.375,0.081081,0.133333,0.096154,0.072398
0.02,74,66.0,no_tables,0.895928,9,14,65,133,0.391304,0.121622,0.185567,0.141066,0.104072
0.02,74,68.0,no_tables,0.895928,9,14,65,133,0.391304,0.121622,0.185567,0.141066,0.104072
0.02,74,70.0,no_tables,0.891403,10,14,64,133,0.416667,0.135135,0.204082,0.15625,0.108597
0.02,74,72.0,no_tables,0.891403,10,14,64,133,0.416667,0.135135,0.204082,0.15625,0.108597
0.02,74,74.0,no_tables,0.868778,10,19,64,128,0.344828,0.135135,0.194175,0.153846,0.131222
0.02,74,76.0,no_tables,0.859729,10,21,64,126,0.322581,0.135135,0.190476,0.152905,0.140271
0.02,74,78.0,no_tables,0.837104,11,25,63,122,0.305556,0.148649,0.2,0.165663,0.162896
0.02,74,80.0,no_tables,0.828054,12,26,62,121,0.315789,0.162162,0.214286,0.179641,0.171946
0.02,74,82.0,no_tables,0.819005,12,28,62,119,0.3,0.162162,0.210526,0.178571,0.180995
0.02,74,84.0,no_tables,0.79638,15,30,59,117,0.333333,0.202703,0.252101,0.219941,0.20362
0.02,74,86.0,no_tables,0.733032,21,38,53,109,0.355932,0.283784,0.315789,0.295775,0.266968
0.02,74,88.0,no_tables,0.696833,22,45,52,102,0.328358,0.297297,0.312057,0.30303,0.303167
0.02,74,90.0,no_tables,0.642534,24,55,50,92,0.303797,0.324324,0.313725,0.32,0.357466
0.02,74,92.0,no_tables,0.60181,27,61,47,86,0.306818,0.364865,0.333333,0.351562,0.39819
0.02,74,94.0,no_tables,0.570136,31,64,43,83,0.326316,0.418919,0.366864,0.396419,0.429864
0.05,53,40.0,all_tables,0.461538,42,77,11,91,0.352941,0.792453,0.488372,0.634441,0.538462
0.05,53,42.0,all_tables,0.461538,42,77,11,91,0.352941,0.792453,0.488372,0.634441,0.538462
0.05,53,44.0,all_tables,0.457014,42,78,11,90,0.35,0.792453,0.485549,0.63253,0.542986
0.05,53,46.0,all_tables,0.457014,42,78,11,90,0.35,0.792453,0.485549,0.63253,0.542986
0.05,53,48.0,all_tables,0.457014,42,78,11,90,0.35,0.792453,0.485549,0.63253,0.542986
0.05,53,50.0,all_tables,0.452489,42,79,11,89,0.347107,0.792453,0.482759,0.630631,0.547511
0.05,53,52.0,all_tables,0.447964,42,80,11,88,0.344262,0.792453,0.48,0.628743,0.552036
0.05,53,54.0,all_tables,0.438914,42,82,11,86,0.33871,0.792453,0.474576,0.625,0.561086
0.05,53,56.0,all_tables,0.438914,42,82,11,86,0.33871,0.792453,0.474576,0.625,0.561086
0.05,53,58.0,all_tables,0.438914,42,82,11,86,0.33871,0.792453,0.474576,0.625,0.561086
0.05,53,60.0,all_tables,0.438914,42,82,11,86,0.33871,0.792453,0.474576,0.625,0.561086
0.05,53,62.0,all_tables,0.438914,42,82,11,86,0.33871,0.792453,0.474576,0.625,0.561086
0.05,53,64.0,all_tables,0.429864,42,84,11,84,0.333333,0.792453,0.469274,0.621302,0.570136
0.05,53,66.0,all_tables,0.411765,43,87,10,81,0.330769,0.811321,0.469945,0.628655,0.588235
0.05,53,68.0,all_tables,0.411765,43,87,10,81,0.330769,0.811321,0.469945,0.628655,0.588235
0.05,53,70.0,all_tables,0.411765,43,87,10,81,0.330769,0.811321,0.469945,0.628655,0.588235
0.05,53,72.0,all_tables,0.411765,43,87,10,81,0.330769,0.811321,0.469945,0.628655,0.588235
0.05,53,74.0,all_tables,0.39819,43,90,10,78,0.323308,0.811321,0.462366,0.623188,0.60181
0.05,53,76.0,all_tables,0.393665,43,91,10,77,0.320896,0.811321,0.459893,0.621387,0.606335
0.05,53,78.0,all_tables,0.38009,43,94,10,74,0.313869,0.811321,0.452632,0.616046,0.61991
0.05,53,80.0,all_tables,0.38009,43,94,10,74,0.313869,0.811321,0.452632,0.616046,0.61991
0.05,53,82.0,all_tables,0.371041,43,96,10,72,0.309353,0.811321,0.447917,0.612536,0.628959
0.05,53,84.0,all_tables,0.366516,43,97,10,71,0.307143,0.811321,0.445596,0.610795,0.633484
0.05,53,86.0,all_tables,0.352941,43,100,10,68,0.300699,0.811321,0.438776,0.605634,0.647059
0.05,53,88.0,all_tables,0.330317,43,105,10,63,0.290541,0.811321,0.427861,0.597222,0.669683
0.05,53,90.0,all_tables,0.307692,45,108,8,60,0.294118,0.849057,0.436893,0.616438,0.692308
0.05,53,92.0,all_tables,0.294118,45,111,8,57,0.288462,0.849057,0.430622,0.611413,0.705882
0.05,53,94.0,all_tables,0.294118,45,111,8,57,0.288462,0.849057,0.430622,0.611413,0.705882
0.05,53,40.0,high_tables,0.647059,20,58,33,110,0.25641,0.377358,0.305344,0.344828,0.352941
0.05,53,42.0,high_tables,0.647059,20,58,33,110,0.25641,0.377358,0.305344,0.344828,0.352941
0.05,53,44.0,high_tables,0.642534,20,59,33,109,0.253165,0.377358,0.30303,0.343643,0.357466
0.05,53,46.0,high_tables,0.642534,20,59,33,109,0.253165,0.377358,0.30303,0.343643,0.357466
0.05,53,48.0,high_tables,0.642534,20,59,33,109,0.253165,0.377358,0.30303,0.343643,0.357466
0.05,53,50.0,high_tables,0.638009,20,60,33,108,0.25,0.377358,0.300752,0.342466,0.361991
0.05,53,52.0,high_tables,0.633484,20,61,33,107,0.246914,0.377358,0.298507,0.341297,0.366516
0.05,53,54.0,high_tables,0.624434,20,63,33,105,0.240964,0.377358,0.294118,0.338983,0.375566
0.05,53,56.0,high_tables,0.624434,20,63,33,105,0.240964,0.377358,0.294118,0.338983,0.375566
0.05,53,58.0,high_tables,0.615385,22,63,31,105,0.258824,0.415094,0.318841,0.37037,0.384615
0.05,53,60.0,high_tables,0.615385,22,63,31,105,0.258824,0.415094,0.318841,0.37037,0.384615
0.05,53,62.0,high_tables,0.61086,22,64,31,104,0.255814,0.415094,0.316547,0.369128,0.38914
0.05,53,64.0,high_tables,0.597285,23,66,30,102,0.258427,0.433962,0.323944,0.38206,0.402715
0.05,53,66.0,high_tables,0.565611,26,70,27,98,0.270833,0.490566,0.348993,0.422078,0.434389
0.05,53,68.0,high_tables,0.565611,26,70,27,98,0.270833,0.490566,0.348993,0.422078,0.434389
0.05,53,70.0,high_tables,0.565611,26,70,27,98,0.270833,0.490566,0.348993,0.422078,0.434389
0.05,53,72.0,high_tables,0.565611,26,70,27,98,0.270833,0.490566,0.348993,0.422078,0.434389
0.05,53,74.0,high_tables,0.552036,26,73,27,95,0.262626,0.490566,0.342105,0.418006,0.447964
0.05,53,76.0,high_tables,0.547511,26,74,27,94,0.26,0.490566,0.339869,0.416667,0.452489
0.05,53,78.0,high_tables,0.533937,26,77,27,91,0.252427,0.490566,0.333333,0.412698,0.466063
0.05,53,80.0,high_tables,0.529412,27,77,26,91,0.259615,0.509434,0.343949,0.427215,0.470588
0.05,53,82.0,high_tables,0.520362,27,79,26,89,0.254717,0.509434,0.339623,0.424528,0.479638
0.05,53,84.0,high_tables,0.511312,28,80,25,88,0.259259,0.528302,0.347826,0.4375,0.488688
0.05,53,86.0,high_tables,0.479638,29,86,24,82,0.252174,0.54717,0.345238,0.443425,0.520362
0.05,53,88.0,high_tables,0.452489,29,92,24,76,0.239669,0.54717,0.333333,0.435435,0.547511
0.05,53,90.0,high_tables,0.411765,31,99,22,69,0.238462,0.584906,0.338798,0.453216,0.588235
0.05,53,92.0,high_tables,0.38914,33,102,20,66,0.244444,0.622642,0.351064,0.475504,0.61086
0.05,53,94.0,high_tables,0.375566,34,104,19,64,0.246377,0.641509,0.356021,0.485714,0.624434
0.05,53,40.0,no_tables,0.977376,2,3,51,165,0.4,0.037736,0.068966,0.046083,0.022624
0.05,53,42.0,no_tables,0.977376,2,3,51,165,0.4,0.037736,0.068966,0.046083,0.022624
0.05,53,44.0,no_tables,0.972851,2,4,51,164,0.333333,0.037736,0.067797,0.045872,0.027149
0.05,53,46.0,no_tables,0.972851,2,4,51,164,0.333333,0.037736,0.067797,0.045872,0.027149
0.05,53,48.0,no_tables,0.972851,2,4,51,164,0.333333,0.037736,0.067797,0.045872,0.027149
0.05,53,50.0,no_tables,0.968326,2,5,51,163,0.285714,0.037736,0.066667,0.045662,0.031674
0.05,53,52.0,no_tables,0.963801,2,6,51,162,0.25,0.037736,0.065574,0.045455,0.036199
0.05,53,54.0,no_tables,0.954751,2,8,51,160,0.2,0.037736,0.063492,0.045045,0.045249
0.05,53,56.0,no_tables,0.954751,2,8,51,160,0.2,0.037736,0.063492,0.045045,0.045249
0.05,53,58.0,no_tables,0.945701,4,8,49,160,0.333333,0.075472,0.123077,0.089286,0.054299
0.05,53,60.0,no_tables,0.945701,4,8,49,160,0.333333,0.075472,0.123077,0.089286,0.054299
0.05,53,62.0,no_tables,0.941176,4,9,49,159,0.307692,0.075472,0.121212,0.088889,0.058824
0.05,53,64.0,no_tables,0.927602,5,11,48,157,0.3125,0.09434,0.144928,0.109649,0.072398
0.05,53,66.0,no_tables,0.895928,8,15,45,153,0.347826,0.150943,0.210526,0.170213,0.104072
0.05,53,68.0,no_tables,0.895928,8,15,45,153,0.347826,0.150943,0.210526,0.170213,0.104072
0.05,53,70.0,no_tables,0.891403,8,16,45,152,0.333333,0.150943,0.207792,0.169492,0.108597
0.05,53,72.0,no_tables,0.891403,8,16,45,152,0.333333,0.150943,0.207792,0.169492,0.108597
0.05,53,74.0,no_tables,0.868778,8,21,45,147,0.275862,0.150943,0.195122,0.165975,0.131222
0.05,53,76.0,no_tables,0.859729,8,23,45,145,0.258065,0.150943,0.190476,0.164609,0.140271
0.05,53,78.0,no_tables,0.837104,8,28,45,140,0.222222,0.150943,0.179775,0.16129,0.162896
0.05,53,80.0,no_tables,0.828054,9,29,44,139,0.236842,0.169811,0.197802,0.18,0.171946
0.05,53,82.0,no_tables,0.819005,9,31,44,137,0.225,0.169811,0.193548,0.178571,0.180995
0.05,53,84.0,no_tables,0.79638,11,34,42,134,0.244444,0.207547,0.22449,0.214008,0.20362
0.05,53,86.0,no_tables,0.733032,14,45,39,123,0.237288,0.264151,0.25,0.258303,0.266968
0.05,53,88.0,no_tables,0.696833,15,52,38,116,0.223881,0.283019,0.25,0.268817,0.303167
0.05,53,90.0,no_tables,0.642534,17,62,36,106,0.21519,0.320755,0.257576,0.292096,0.357466
0.05,53,92.0,no_tables,0.60181,20,68,33,100,0.227273,0.377358,0.283688,0.333333,0.39819
0.05,53,94.0,no_tables,0.570136,24,71,29,97,0.252632,0.45283,0.324324,0.390879,0.429864
